PDB_ID,Sequence,2D,Len,Structure,RNAfold_ref
1JVE,cctaattataacgaagttataattagg,(((((((((((((.))))))))))))),27,Triplex-DNA,1.0
1NGU,ctctccttgtatttcttacaaaaagag,(((((((((((.....))))))))))),27,Hairpin with pseudoknots,1.0
2OEY,ccatcgtctacctttggtaggatgg,(((((..(((((...)))))))))),25,Hairpin with loops,1.0
2VWJ,aauggagacacggcttttgccgtgtc,......((((((((....)))))))),26,Hairpin with dangling ends,1.0
3THW,cctctatctgaagccgatcgatgaagcatcgatcgcacagcttcagatagagga,((((((((((((((((((((((((.))))))))))....)))))))))))))).,53,Hairpin with loops,1.0
4HT4,cgcgaacggaacgttcgcataagtgcgc,.((((((((.))))))))........(),28,Hairpin with dangling ends,1.0
1NGO,ctctttttgtaagaaatacaaggagag,(((((((((((.....))))))))))),27,Hairpin,1.0
5N2Q,actttatgaaaataaagtatagtgtg,(((((((....)))))))........,26,Hairpin with dangling ends,1.0
3H25,cctttccccctacccgaagggtggggg,......(((((((((...))))))))),27,Hairpin with dangling ends,1.0
1AW4,acctgggggagtattgcggaggaaggtaaacctgggggagtattgcggaggaaggtaa,(((((()([(((...))))..{)))))]}(((((()([(((...))))..{)))))]},27,Hairpin with pseudoknots,1.0
6CCE,gcttgacaaaagtgttaaattgtgctatactagcacaatttaacacttttgtcaagc,((((((((((((((((((((((((((.....)))))))))))))))))))))))))),57,Hairpin with dangling ends,0.96
1B4Y,tcttccttttccttctcccgagaaggtttt,.....(....(((((((..))))))))...,30,Triplex-DNA,0.6
2N8A,gctggcttcgtaagaagccagctcgcggtcagcttgctgaccgcg,((((((((((..)))))))))).((((((((((..)))))))))),45,Double hairpin,0.95
3HXQ,ggcgtgcagtgccttcggccgtgcggtgcctccgtcacgcc,((((((.((.(((...))))).((((.(.).)))))))))),41,Two-forked with pseudoknots,0.65
5HRT,cctggacggaaccagaatacttttggtctccagg,((((((((.)(((((((...)))))))))))))),34,Hairpin with loops,0.88
1GN7,agagagaaccccttctctcttatatctgtctt,((((((((....))))))))............,32,Triplex-DNA,1.0
1WAN,agatagaaccccttctatcttatatctutctt,((((((((....))))))))............,32,Triplex-DNA,1.0
2ARG,tgaccagggcaaacggtaggtgagtggtca,(((((((([[).((]....))].))))))),30,Hairpin with pseudoknots,1.0
4F41,cataataacaatatcttgatattgttattatg,(((((((((((((((..))))))))))))))),32,Hairpin,0.93
4F43,cataataacaatatcaagatattgttattatg,(((((((((((((((..))))))))))))))),32,Hairpin,0.93
4TMU,gtagaattgaaattctaccggtgccttac,((((((((()))))))))...........,29,Hairpin with dangling ends,0.93
4ER8,gtaggacggataaggcgtttacgccgcatccg,......((((((((((((..)))))))))))),32,Hairpin with dangling ends,0.93
5HRU,tcgattggattgtgccggaagtgctggctcga,((((....([[.)(((((]](.)))))))))),32,Hairpin with loops and pseudoknots,0.75
134D,tcctcctttaggaggatttggtggt,(((((((())))))))().......,25,Triplex-DNA,0.92
135D,tcctcctttaggaggatttggtggt,(((((((())))))))().......,25,Triplex-DNA,0.92
136D,tcctcctttaggaggatttggtggt,(((((((())))))))().......,25,Triplex-DNA,0.92
5D2Q,gatgaatctatgtaaatactagtatttacatagattcatc,(((((((((((((((((((()))))))))))))))))))),40,Hairpin,0.9
4CEI,ctaatgcgagcactagtgctcgcattagattttgtttaa,(((((((((((((())))))))))))))...........,37,Hairpin with dangling ends,0.89
4CEH,tctaatgcgagcacgtgctcgcattagattttgtttt,(((((((((((((()))))))))))))).........,37,Hairpin with dangling ends,0.89
5LD2,tttttttttttttctaatgcgagcactgctagcagtgctcgcattagattta,............(((((((((((((((((())))))))))))))))))....,51,Hairpin with dangling ends,0.92
3U44,tctaatgcgagcactgcagtgctcgcattagatttt,(((((((((((((((())))))))))))))))....,36,Hairpin with dangling ends,0.88
1SNJ,cgtgcagcggcttgccggcacttgtgcttctgcacg,(((((((((((..))))((((..))))..))))))),36,Two forked,0.66
1EZN,cgtgcacccgcttgcggcgacttgtcgttgtgcacg,(((((((((((..))))((((..))))..))))))),36,Two forked,0.66
3U4Q,taatgcgagcgctcgcattagattttg,(((((((((()))))))))).......,27,Hairpin with dangling ends,0.85
2F1Q,gcactgcatccttggacgcttgcgccacttgtggtgcagtgc,(((((((((((..)))(((..)))((((..)))))))))))),42,Three-forked,0.73
4REC,cgttgctacgcgtggcgagccgtagcaacggctcgccacg,(((((((((([[[[[[[[[[))))))))))]]]]]]]]]],40,Double-stranded,0.7
1OMH,gcgcaccgaaaggtgcgtattgtct,..((((((.).))))).........,25,Hairpin with dangling ends,0.84
1QX0,gcgcaccgaaaggtgcgtattgtct,..(((((....))))).........,25,Hairpin with dangling ends,0.84
1S6M,gcgcaccgaaaggtgcgtattgtct,..((((((.).))))).........,25,Hairpin with dangling ends,0.84
1ZM5,gcgcaccgaaaggtgcgtattgtct,..((((((.).))))).........,25,Hairpin with dangling ends,0.84
5D23,gaatctatgtaaatttacatagattc,((((((((((((())))))))))))),26,Hairpin,0.84
5D2S,tgtatgtatgtatgtatgcatacatacatacataca,(((((((((((((((((()))))))))))))))))),36,Hairpin,0.88
2M91,gggaagggcgcgaagcattcgcgaggtagg,(([..))((((((((.))))))))((.])),30,Hairpin with G-quadruplex,0.73
3HXO,ggcgtgcagtgccttcggccgtgcggtgcctccgtcacgc,.(((((.((.(((...))))).((((.(.).))))))))),40,Two forked with pseudoknots,0.45
2M8Z,ggttggcgcgaagcattcgcgggttgg,((..))((((((...))))))((..)),27,Hairpin with G-quadruplex,0.7
4CEJ,tctaatgcgagcatgctcgcattagattttgtttttttagcggtttaa,((((((((((((()))))))))))))....()................,46,Hairpin with dangling ends,0.68
5CMX,tgacgtaggttggtgtggttggggcgtcac,(((((((((..)).[)](..)..)))))).,30,Double-stranded with G-quadruplex,1.0
2M90,gcgcgaagcattcgcggggaggtggggaaggg,((((((((.))))))))([)(].[)(...].),32,Hairpin with G-quadruplex,0.87
2M92,agggtgggtgctggggcgcgaagcattcgcgagg,(([{.)]}.[.)]([(((((((...))))))))],34,Hairpin with G-quadruplex,0.2
2M93,ttgggtgggcgcgaagcattcgcggggtgggt,()([{.)]}.(((((...))))).([{.)]}.,32,Hairpin with G-quadruplex,0.56
4I7Y,gtccgtggtagggcaggttggggtgac,(((([(](.[)...).(.])..).))),27,Double-stranded with G-quadruplex,0.48
2HY9,aaagggttagggttagggttagggaa,.[{([{...)]}.(.(((.]})))).,26,G-quadruplex,1.0
2JPZ,ttagggttagggttagggttagggtt,...[([)(.](](.)[)(...].)).,26,G-quadruplex,1.0
2LPW,aagggtgggtgtaagtgtgggtgggt,.(([{.)]}........)([{.)]}.,26,G-quadruplex,1.0
5MVB,ttagggttagggttagggttagggtt,...(((...)))...([{...)]}..,26,G-quadruplex,1.0
6CCW,ttagggttagggttagggttagggtt,((.(((.[.))))).([{...)]}].,26,G-quadruplex,1.0
2JSL,tagggttagggttagggttagggtt,..(([)()][)...(][...).]..,25,G-quadruplex,1.0
2JSQ,tagggttagggttagggttagggtt,..(((.())))...([{...)]}..,25,G-quadruplex,1.0
2MBJ,ttagggttagggttagggttagggtta,..{(((..[)))...(((..})))]..,27,G-quadruplex,0.92
2M53,tgtgggggtggacgggccgggtaga,...(([)]..)..([{())]}....,25,G-quadruplex,0.64
5Z80,aaagggttagggttagggttagggaa,..[([{...)]}.(.(((.].)))).,26,G-quadruplex,0.92
5MTA,cagggttaagggtataactttaggggttagggtt,..(([.).{)(](((..)..))[.(}...))]..,34,G-quadruplex,0.38
5MTG,cagggttaagggtataactttaggggttagggtt,.{(([.).{)(](((....)))[.(}}..))]..,34,G-quadruplex,0.38
2MS9,tggtggtggtggttgtggtggtggtgtt,(([.)])([.)]..(.[).](.[).]..,28,G-quadruplex,0.71
4U5M,tggtggtggtggttgtggtggtggtgtt,(([.)])([.)]..(.[).](.[).]..,28,G-quadruplex,0.71
2N3M,tggtggtggttgttgtggtggtggtggt,(([.)].[{.)]..}.([.)].([.)].,28,G-quadruplex,0.71
201D,ggggttttggggttttggggttttgggg,(((((.)[))))....((((...])))),28,G-quadruplex,1.0
5J6U,ggggtttggggttttggggaagggg,((((.[.))))....(((]...))),25,G-quadruplex,1.0
230D,ggggtutuggggttttgggguuttgggg,((((...)[)))(.).(((.....]))),28,G-quadruplex,1.0
